Energy,Time,Temperature,Voltage,N_core,Seq_frac,Barrier,CPU_Util,Memory_MB
1.939697,0.012493,33.00,5.550,32,0.00,0,100.0,4.0
1.994995,0.012753,33.00,6.819,31,0.00,0,100.0,4.1
2.075439,0.013077,33.00,5.529,30,0.00,0,100.0,4.1
2.079285,0.013514,34.00,6.819,29,0.00,0,100.0,4.1
2.145935,0.013955,34.00,5.529,28,0.00,0,100.0,4.1
2.224060,0.014390,34.00,5.529,27,0.00,0,100.0,4.1
2.266907,0.014869,34.00,6.819,26,0.00,0,100.0,4.1
2.192078,0.015493,34.00,6.819,25,0.00,0,100.0,4.1
2.253479,0.015936,34.00,6.799,24,0.00,0,100.0,4.1
2.299683,0.016612,34.00,6.799,23,0.00,0,100.0,4.1
2.306824,0.017233,35.00,5.509,22,0.00,0,100.0,4.1
2.389709,0.018068,34.00,5.509,21,0.00,0,100.0,4.1
2.570679,0.018868,34.00,5.509,20,0.00,0,100.0,4.1
2.545166,0.019943,34.00,5.509,19,0.00,0,100.0,4.1
2.681580,0.020951,35.00,6.799,18,0.00,0,100.0,4.1
2.715820,0.022140,35.00,5.509,17,0.00,0,100.0,4.1
2.876465,0.023382,35.00,6.799,16,0.00,0,100.0,4.1
3.312378,0.024875,35.00,6.799,15,0.00,0,100.0,4.1
3.260437,0.026583,35.00,5.509,14,0.00,0,100.0,4.1
3.528442,0.028541,35.00,6.799,13,0.00,0,100.0,4.1
3.848267,0.030815,36.00,5.509,12,0.00,0,100.0,4.1
3.938599,0.033645,36.00,5.509,11,0.00,0,100.0,4.1
4.128540,0.036812,36.00,5.509,10,0.00,0,100.0,4.1
4.700500,0.041004,36.00,6.799,9,0.00,0,100.0,4.1
4.935669,0.045984,36.00,5.509,8,0.00,0,100.0,4.1
5.522034,0.052523,36.00,6.799,7,0.00,0,100.0,4.1
6.321594,0.061230,36.00,5.488,6,0.00,0,100.0,4.1
7.582581,0.073662,36.00,5.488,5,0.00,0,100.0,4.1
8.980530,0.091460,36.00,5.509,4,0.00,0,100.0,4.1
12.066467,0.121959,36.00,6.799,3,0.00,0,100.0,4.1
17.303345,0.182694,36.00,5.488,2,0.00,0,100.0,4.1
34.207703,0.364953,35.00,5.509,1,0.00,0,100.0,4.1
2.107910,0.012255,36.00,5.488,32,0.00,0,100.0,4.1
2.063782,0.012742,35.00,6.799,31,0.00,0,100.0,4.1
2.141113,0.013050,35.00,6.799,30,0.00,0,100.0,4.1
2.112183,0.013529,35.00,5.509,29,0.00,0,100.0,4.1
2.290588,0.013804,35.00,5.509,28,0.00,0,100.0,4.1
2.154053,0.014329,35.00,6.799,27,0.00,0,100.0,4.1
2.328613,0.014885,35.00,5.509,26,0.00,0,100.0,4.1
2.288879,0.015576,35.00,5.509,25,0.00,0,100.0,4.1
2.360840,0.016040,35.00,6.799,24,0.00,0,100.0,4.1
2.326050,0.016519,35.00,5.509,23,0.00,0,100.0,4.1
2.252930,0.017201,35.00,5.509,22,0.00,0,100.0,4.1
2.498596,0.018010,35.00,6.799,21,0.00,0,100.0,4.1
2.473999,0.018900,35.00,6.799,20,0.00,0,100.0,4.1
2.568054,0.019847,36.00,6.799,19,0.00,0,100.0,4.1
2.691650,0.020894,36.00,5.509,18,0.00,0,100.0,4.1
3.034302,0.022029,36.00,5.509,17,0.00,0,100.0,4.1
3.084351,0.023402,36.00,5.509,16,0.00,0,100.0,4.1
3.168152,0.024785,36.00,5.488,15,0.00,0,100.0,4.1
3.424133,0.026572,36.00,6.778,14,0.00,0,100.0,4.1
3.558350,0.028599,36.00,6.778,13,0.00,0,100.0,4.1
3.650696,0.030831,36.00,5.509,12,0.00,0,100.0,4.1
4.036011,0.033619,36.00,6.778,11,0.00,0,100.0,4.1
4.232849,0.036853,37.00,5.488,10,0.00,0,100.0,4.1
4.654968,0.040867,37.00,6.778,9,0.00,0,100.0,4.1
5.089783,0.045941,37.00,5.488,8,0.00,0,100.0,4.1
5.629395,0.052563,36.00,6.799,7,0.00,0,100.0,4.1
6.372559,0.061190,37.00,6.799,6,0.00,0,100.0,4.1
7.562012,0.073212,37.00,6.778,5,0.00,0,100.0,4.1
9.030762,0.091451,37.00,6.778,4,0.00,0,100.0,4.1
11.900269,0.121903,36.00,6.778,3,0.00,0,100.0,4.1
17.297424,0.182608,36.00,6.778,2,0.00,0,100.0,4.1
34.415283,0.365124,37.00,6.778,1,0.00,0,100.0,4.1
2.052612,0.012342,36.00,6.778,32,0.00,0,100.0,4.1
2.130920,0.013043,36.00,6.778,31,0.00,0,100.0,4.1
2.225281,0.014273,37.00,5.488,30,0.00,0,100.0,4.1
2.064636,0.013621,37.00,6.778,29,0.00,0,100.0,4.1
2.052246,0.014143,37.00,5.488,28,0.00,0,100.0,4.1
2.184753,0.014462,36.00,5.509,27,0.00,0,100.0,4.1
2.264160,0.014942,36.00,6.778,26,0.00,0,100.0,4.1
2.286865,0.015442,36.00,6.799,25,0.00,0,100.0,4.1
2.283752,0.016077,37.00,6.778,24,0.00,0,100.0,4.1
2.720947,0.019793,36.00,5.509,23,0.00,0,100.0,4.1
2.395874,0.017436,36.00,6.799,22,0.00,0,100.0,4.1
2.361389,0.018110,36.00,6.778,21,0.00,0,100.0,4.1
2.454346,0.019018,36.00,5.509,20,0.00,0,100.0,4.1
2.764893,0.020420,37.00,6.778,19,0.00,0,100.0,4.1
2.688538,0.020916,36.00,6.778,18,0.00,0,100.0,4.1
2.732422,0.022592,36.00,6.799,17,0.00,0,100.0,4.1
3.058838,0.024358,37.00,6.778,16,0.00,0,100.0,4.1
3.787842,0.025553,37.00,6.778,15,0.00,0,100.0,4.1
3.534668,0.026581,37.00,6.778,14,0.00,0,100.0,4.1
3.532593,0.028580,37.00,6.778,13,0.00,0,100.0,4.1
3.757629,0.030927,37.00,6.778,12,0.00,0,100.0,4.1
3.918640,0.033621,37.00,5.488,11,0.00,0,100.0,4.1
4.183533,0.036962,37.00,5.488,10,0.00,0,100.0,4.1
4.677307,0.040873,37.00,6.778,9,0.00,0,100.0,4.1
5.010986,0.045921,37.00,6.778,8,0.00,0,100.0,4.1
5.554016,0.052477,37.00,6.778,7,0.00,0,100.0,4.1
6.421997,0.061198,37.00,5.488,6,0.00,0,100.0,4.1
7.605835,0.073212,37.00,5.488,5,0.00,0,100.0,4.1
9.085876,0.091601,37.00,6.778,4,0.00,0,100.0,4.1
11.870361,0.121822,37.00,5.488,3,0.00,0,100.0,4.1
17.436707,0.182611,37.00,5.488,2,0.00,0,100.0,4.1
34.430542,0.365541,37.00,5.488,1,0.00,0,100.0,4.1
1.996155,0.012414,37.00,5.488,32,0.00,0,100.0,4.1
2.032898,0.012803,36.00,5.488,31,0.00,0,100.0,4.1
2.104126,0.013339,36.00,5.488,30,0.00,0,100.0,4.1
2.082214,0.014873,37.00,5.488,29,0.00,0,100.0,4.1
2.216003,0.015939,37.00,5.488,28,0.00,0,100.0,4.1
2.288269,0.014477,36.00,6.799,27,0.00,0,100.0,4.1
2.312134,0.014926,37.00,6.799,26,0.00,0,100.0,4.1
2.211670,0.015518,37.00,5.488,25,0.00,0,100.0,4.1
2.706055,0.019037,37.00,5.488,24,0.00,0,100.0,4.1
2.491516,0.016707,37.00,6.799,23,0.00,0,100.0,4.1
2.479919,0.017459,37.00,6.778,22,0.00,0,100.0,4.1
2.520508,0.018146,37.00,5.488,21,0.00,0,100.0,4.1
2.514465,0.019028,37.00,6.778,20,0.00,0,100.0,4.1
2.697449,0.020114,38.00,5.488,19,0.00,0,100.0,4.1
2.677063,0.020977,37.00,6.778,18,0.00,0,100.0,4.1
2.754883,0.022254,38.00,5.488,17,0.00,0,100.0,4.1
2.858765,0.023339,38.00,5.488,16,0.00,0,100.0,4.1
3.221863,0.025621,38.00,5.488,15,0.00,0,100.0,4.1
3.291321,0.026687,38.00,5.488,14,0.00,0,100.0,4.1
3.487915,0.028567,38.00,6.778,13,0.00,0,100.0,4.1
3.991028,0.032740,38.00,5.488,12,0.00,0,100.0,4.1
3.923340,0.034525,37.00,5.488,11,0.00,0,100.0,4.1
4.327637,0.037283,38.00,5.488,10,0.00,0,100.0,4.1
4.577698,0.040870,38.00,6.778,9,0.00,0,100.0,4.1
5.005310,0.045990,38.00,6.778,8,0.00,0,100.0,4.1
5.606934,0.052847,38.00,5.488,7,0.00,0,100.0,4.1
6.611572,0.061808,38.00,5.488,6,0.00,0,100.0,4.1
7.353333,0.073234,38.00,5.488,5,0.00,0,100.0,4.1
9.069397,0.091429,38.00,6.778,4,0.00,0,100.0,4.1
11.915710,0.121953,37.00,6.778,3,0.00,0,100.0,4.1
17.379150,0.182749,37.00,5.488,2,0.00,0,100.0,4.1
34.283569,0.364913,38.00,5.488,1,0.00,0,100.0,4.1
2.004456,0.012537,37.00,6.778,32,0.00,0,100.0,4.1
2.136414,0.013215,37.00,6.778,31,0.00,0,100.0,4.1
2.091370,0.014692,37.00,6.778,30,0.00,0,100.0,4.1
2.157654,0.013576,37.00,5.488,29,0.00,0,100.0,4.1
2.124390,0.014100,37.00,5.488,28,0.00,0,100.0,4.1
2.175659,0.014426,37.00,6.778,27,0.00,0,100.0,4.1
2.478455,0.016703,38.00,6.778,26,0.00,0,100.0,4.1
2.541199,0.017742,37.00,5.488,25,0.00,0,100.0,4.1
2.355957,0.016092,38.00,6.778,24,0.00,0,100.0,4.1
2.303223,0.016761,38.00,6.778,23,0.00,0,100.0,4.1
2.363342,0.017373,38.00,6.778,22,0.00,0,100.0,4.1
2.435913,0.018206,38.00,5.488,21,0.00,0,100.0,4.1
2.455078,0.019104,38.00,6.778,20,0.00,0,100.0,4.1
2.611084,0.020013,38.00,6.778,19,0.00,0,100.0,4.1
3.044312,0.021112,38.00,6.778,18,0.00,0,100.0,4.1
2.687927,0.023026,37.00,6.778,17,0.00,0,100.0,4.1
3.204224,0.023391,38.00,6.778,16,0.00,0,100.0,4.1
3.104736,0.025180,38.00,6.778,15,0.00,0,100.0,4.1
3.358276,0.026605,37.00,6.778,14,0.00,0,100.0,4.1
3.449341,0.028602,38.00,6.778,13,0.00,0,100.0,4.1
3.733215,0.032168,38.00,5.488,12,0.00,0,100.0,4.1
4.151001,0.034929,38.00,6.778,11,0.00,0,100.0,4.1
4.515381,0.038059,38.00,5.488,10,0.00,0,100.0,4.1
4.691589,0.041115,38.00,6.778,9,0.00,0,100.0,4.1
5.128601,0.046843,38.00,6.778,8,0.00,0,100.0,4.1
5.617798,0.052430,38.00,6.778,7,0.00,0,100.0,4.1
6.393738,0.061086,38.00,5.488,6,0.00,0,100.0,4.1
7.455322,0.073666,38.00,6.778,5,0.00,0,100.0,4.1
9.061279,0.091460,38.00,5.488,4,0.00,0,100.0,4.1
11.895813,0.121752,38.00,6.778,3,0.00,0,100.0,4.1
17.298950,0.182645,38.00,6.778,2,0.00,0,100.0,4.1
34.396667,0.365044,38.00,6.778,1,0.00,0,100.0,4.1
2.065491,0.012547,38.00,5.488,32,0.00,0,100.0,4.1
2.392761,0.015679,36.00,5.488,31,0.00,0,100.0,4.1
2.095093,0.013180,36.00,6.778,30,0.00,0,100.0,4.1
2.103760,0.013567,37.00,6.778,29,0.00,0,100.0,4.1
2.185547,0.014047,36.00,5.488,28,0.00,0,100.0,4.1
2.128540,0.015661,37.00,6.778,27,0.00,0,100.0,4.1
2.275208,0.014916,36.00,6.942,26,0.00,0,100.0,4.1
2.255981,0.015428,36.00,5.488,25,0.00,0,100.0,4.1
2.135620,0.016146,36.00,5.488,24,0.00,0,100.0,4.1
2.322571,0.016703,37.00,6.778,23,0.00,0,100.0,4.1
2.422729,0.017474,37.00,5.488,22,0.00,0,100.0,4.1
2.673462,0.020717,37.00,6.778,21,0.00,0,100.0,4.1
2.824158,0.021634,37.00,6.778,20,0.00,0,100.0,4.1
2.881470,0.022186,37.00,5.488,19,0.00,0,100.0,4.1
2.659119,0.020883,37.00,5.488,18,0.00,0,100.0,4.1
3.005859,0.024390,38.00,5.488,17,0.00,0,100.0,4.1
3.108704,0.025446,37.00,5.488,16,0.00,0,100.0,4.1
3.313110,0.025740,37.00,5.488,15,0.00,0,100.0,4.1
3.364441,0.026640,38.00,5.488,14,0.00,0,100.0,4.1
3.734253,0.029839,38.00,5.488,13,0.00,0,100.0,4.1
3.649048,0.030839,38.00,5.488,12,0.00,0,100.0,4.1
4.207275,0.034797,38.00,5.488,11,0.00,0,100.0,4.1
4.374573,0.036995,38.00,5.488,10,0.00,0,100.0,4.1
4.541138,0.041944,38.00,5.488,9,0.00,0,100.0,4.1
5.229004,0.045977,38.00,5.488,8,0.00,0,100.0,4.1
5.503174,0.052488,38.00,5.488,7,0.00,0,100.0,4.1
6.425354,0.061122,38.00,6.778,6,0.00,0,100.0,4.1
7.385193,0.073303,38.00,5.488,5,0.00,0,100.0,4.1
9.013367,0.091478,38.00,5.488,4,0.00,0,100.0,4.1
11.901428,0.121898,38.00,5.488,3,0.00,0,100.0,4.1
17.384460,0.183123,38.00,5.488,2,0.00,0,100.0,4.1
34.414490,0.364937,38.00,6.778,1,0.00,0,100.0,4.1
2.502991,0.015690,38.00,5.488,32,0.00,0,100.0,4.1
2.353271,0.014925,37.00,6.778,31,0.00,0,100.0,4.1
2.093628,0.013160,37.00,6.778,30,0.00,0,100.0,4.1
2.176636,0.013563,37.00,6.778,29,0.00,0,100.0,4.1
2.417419,0.015305,37.00,5.488,28,0.00,0,100.0,4.1
2.263123,0.014392,37.00,5.488,27,0.00,0,100.0,4.1
2.197571,0.015035,37.00,6.778,26,0.00,0,100.0,4.1
2.544983,0.017880,37.00,6.778,25,0.00,0,100.0,4.1
2.389771,0.016009,37.00,5.488,24,0.00,0,100.0,4.1
2.381592,0.016725,37.00,6.778,23,0.00,0,100.0,4.1
2.294861,0.017353,38.00,6.778,22,0.00,0,100.0,4.1
2.371826,0.018231,37.00,6.778,21,0.00,0,100.0,4.1
2.411682,0.018919,37.00,5.488,20,0.00,0,100.0,4.1
2.616333,0.020052,38.00,6.778,19,0.00,0,100.0,4.1
2.669495,0.021017,38.00,5.488,18,0.00,0,100.0,4.1
2.771362,0.022094,38.00,5.488,17,0.00,0,100.0,4.1
3.110046,0.025361,38.00,6.778,16,0.00,0,100.0,4.1
3.029724,0.025528,38.00,5.488,15,0.00,0,100.0,4.1
3.236206,0.026644,37.00,5.488,14,0.00,0,100.0,4.1
3.729187,0.029647,38.00,6.778,13,0.00,0,100.0,4.1
3.638672,0.031491,38.00,6.778,12,0.00,0,100.0,4.1
4.014282,0.034678,38.00,6.778,11,0.00,0,100.0,4.1
4.297302,0.036862,38.00,6.778,10,0.00,0,100.0,4.1
4.572571,0.040894,39.00,6.778,9,0.00,0,100.0,4.1
5.183960,0.046649,38.00,5.488,8,0.00,0,100.0,4.1
5.638611,0.053000,39.00,5.468,7,0.00,0,100.0,4.1
6.391846,0.061172,39.00,5.468,6,0.00,0,100.0,4.1
7.435791,0.073273,39.00,6.778,5,0.00,0,100.0,4.1
9.143005,0.091497,39.00,6.778,4,0.00,0,100.0,4.1
11.953857,0.121824,38.00,6.778,3,0.00,0,100.0,4.1
17.305115,0.182607,38.00,6.778,2,0.00,0,100.0,4.1
34.437317,0.365027,38.00,6.778,1,0.00,0,100.0,4.1
2.345825,0.014461,38.00,6.922,32,0.00,0,100.0,4.1
2.312866,0.014768,37.00,5.488,31,0.00,0,100.0,4.1
2.142090,0.013145,38.00,6.778,30,0.00,0,100.0,4.1
2.481934,0.016748,37.00,6.778,29,0.00,0,100.0,4.1
2.356689,0.016624,37.00,6.778,28,0.00,0,100.0,4.1
2.330566,0.014407,38.00,6.778,27,0.00,0,100.0,4.1
2.464539,0.016231,38.00,6.778,26,0.00,0,100.0,4.1
2.354126,0.015408,38.00,6.778,25,0.00,0,100.0,4.1
2.385071,0.016139,38.00,5.488,24,0.00,0,100.0,4.1
2.398682,0.016663,38.00,6.778,23,0.00,0,100.0,4.1
2.719604,0.020198,38.00,6.778,22,0.00,0,100.0,4.1
2.862366,0.020670,38.00,6.778,21,0.00,0,100.0,4.1
2.568848,0.018936,37.00,6.778,20,0.00,0,100.0,4.1
2.638672,0.021039,37.00,6.778,19,0.00,0,100.0,4.1
2.635437,0.020934,38.00,6.778,18,0.00,0,100.0,4.1
3.163513,0.024291,38.00,6.778,17,0.00,0,100.0,4.1
3.253662,0.025431,38.00,6.778,16,0.00,0,100.0,4.1
3.239258,0.024842,38.00,6.778,15,0.00,0,100.0,4.1
3.402039,0.027258,38.00,5.488,14,0.00,0,100.0,4.1
3.553589,0.030160,38.00,5.488,13,0.00,0,100.0,4.1
3.601562,0.030941,38.00,6.778,12,0.00,0,100.0,4.1
3.976013,0.033572,38.00,6.778,11,0.00,0,100.0,4.1
4.344971,0.037926,39.00,6.778,10,0.00,0,100.0,4.1
4.452087,0.040885,38.00,5.468,9,0.00,0,100.0,4.1
4.948181,0.045968,39.00,5.468,8,0.00,0,100.0,4.1
5.710510,0.053003,39.00,6.778,7,0.00,0,100.0,4.1
6.484619,0.061251,38.00,6.778,6,0.00,0,100.0,4.1
7.449646,0.073270,39.00,6.778,5,0.00,0,100.0,4.1
9.149292,0.091513,38.00,5.488,4,0.00,0,100.0,4.1
11.916077,0.121896,39.00,6.778,3,0.00,0,100.0,4.1
17.294556,0.182586,39.00,5.468,2,0.00,0,100.0,4.1
34.337830,0.365144,39.00,5.468,1,0.00,0,100.0,4.1
2.075439,0.012508,39.00,5.468,32,0.00,0,100.0,4.1
2.163208,0.013177,38.00,5.488,31,0.00,0,100.0,4.1
2.056335,0.013147,38.00,6.778,30,0.00,0,100.0,4.1
2.158386,0.013650,37.00,6.778,29,0.00,0,100.0,4.1
2.094116,0.015289,37.00,5.488,28,0.00,0,100.0,4.1
2.445618,0.016414,38.00,5.488,27,0.00,0,100.0,4.1
2.546143,0.017305,38.00,6.778,26,0.00,0,100.0,4.1
2.672974,0.018879,37.00,5.488,25,0.00,0,100.0,4.1
2.236450,0.016017,37.00,5.488,24,0.00,0,100.0,4.1
2.648987,0.019265,38.00,6.778,23,0.00,0,100.0,4.1
2.370972,0.017361,37.00,6.778,22,0.00,0,100.0,4.1
2.374512,0.018071,38.00,6.778,21,0.00,0,100.0,4.1
2.480347,0.019028,38.00,6.778,20,0.00,0,100.0,4.1
2.854858,0.022090,38.00,5.488,19,0.00,0,100.0,4.1
2.709778,0.021025,38.00,5.488,18,0.00,0,100.0,4.1
2.985168,0.023832,38.00,5.488,17,0.00,0,100.0,4.1
2.940002,0.023568,38.00,5.488,16,0.00,0,100.0,4.1
2.968506,0.024996,38.00,5.488,15,0.00,0,100.0,4.1
3.385498,0.026534,38.00,6.778,14,0.00,0,100.0,4.1
3.484436,0.028997,39.00,6.778,13,0.00,0,100.0,4.1
3.758240,0.031557,38.00,6.778,12,0.00,0,100.0,4.1
4.162109,0.034325,39.00,6.778,11,0.00,0,100.0,4.1
4.166260,0.036884,39.00,5.468,10,0.00,0,100.0,4.1
4.579285,0.041281,39.00,5.468,9,0.00,0,100.0,4.1
5.070251,0.046245,39.00,6.778,8,0.00,0,100.0,4.1
5.639160,0.052508,39.00,6.778,7,0.00,0,100.0,4.1
6.305237,0.061174,39.00,6.778,6,0.00,0,100.0,4.1
7.370728,0.073324,39.00,5.468,5,0.00,0,100.0,4.1
9.021484,0.091545,39.00,6.778,4,0.00,0,100.0,4.1
11.866394,0.121983,39.00,6.778,3,0.00,0,100.0,4.1
17.294373,0.182631,39.00,6.778,2,0.00,0,100.0,4.1
34.279114,0.365077,39.00,6.778,1,0.00,0,100.0,4.1
2.062439,0.012550,38.00,5.468,32,0.00,0,100.0,4.1
2.094299,0.012827,38.00,6.778,31,0.00,0,100.0,4.1
2.120972,0.013193,37.00,5.488,30,0.00,0,100.0,4.1
2.094360,0.013667,38.00,5.488,29,0.00,0,100.0,4.1
2.068848,0.014109,38.00,5.488,28,0.00,0,100.0,4.1
2.434387,0.016171,38.00,5.488,27,0.00,0,100.0,4.1
2.503906,0.017447,38.00,6.778,26,0.00,0,100.0,4.1
2.393433,0.015430,38.00,6.778,25,0.00,0,100.0,4.1
2.517639,0.017371,38.00,6.778,24,0.00,0,100.0,4.1
2.693359,0.019219,38.00,6.778,23,0.00,0,100.0,4.1
2.376343,0.017352,38.00,5.488,22,0.00,0,100.0,4.1
2.631042,0.019893,38.00,5.488,21,0.00,0,100.0,4.1
2.445435,0.018982,38.00,5.488,20,0.00,0,100.0,4.1
2.546875,0.019976,38.00,6.778,19,0.00,0,100.0,4.1
2.729309,0.020899,38.00,6.778,18,0.00,0,100.0,4.1
2.748840,0.022120,38.00,6.778,17,0.00,0,100.0,4.1
2.965942,0.023504,38.00,6.778,16,0.00,0,100.0,4.1
3.241394,0.026426,38.00,6.778,15,0.00,0,100.0,4.1
3.324463,0.026723,38.00,5.488,14,0.00,0,100.0,4.1
3.510681,0.028531,39.00,5.468,13,0.00,0,100.0,4.1
3.586792,0.030879,39.00,6.778,12,0.00,0,100.0,4.1
3.908569,0.033592,39.00,6.778,11,0.00,0,100.0,4.1
4.209167,0.036850,39.00,6.758,10,0.00,0,100.0,4.1
4.589966,0.040911,39.00,6.778,9,0.00,0,100.0,4.1
5.013428,0.046185,39.00,6.758,8,0.00,0,100.0,4.1
5.608093,0.052498,39.00,6.778,7,0.00,0,100.0,4.1
6.368042,0.061187,39.00,6.758,6,0.00,0,100.0,4.1
7.420898,0.073205,39.00,6.758,5,0.00,0,100.0,4.1
9.124146,0.091452,39.00,6.778,4,0.00,0,100.0,4.1
11.859009,0.121884,39.00,6.758,3,0.00,0,100.0,4.1
17.328125,0.182615,39.00,6.758,2,0.00,0,100.0,4.1
34.272400,0.365004,39.00,6.778,1,0.00,0,100.0,4.1
2.382812,0.014345,39.00,6.758,32,0.00,0,100.0,4.1
2.368225,0.014756,38.00,6.778,31,0.00,0,100.0,4.1
2.427063,0.015449,38.00,6.778,30,0.00,0,100.0,4.1
2.215942,0.013544,38.00,6.778,29,0.00,0,100.0,4.1
2.294983,0.014272,38.00,6.778,28,0.00,0,100.0,4.1
2.169434,0.014493,38.00,6.778,27,0.00,0,100.0,4.1
2.288208,0.014911,38.00,6.778,26,0.00,0,100.0,4.1
2.484985,0.016904,38.00,6.778,25,0.00,0,100.0,4.1
2.273254,0.016086,38.00,5.488,24,0.00,0,100.0,4.1
2.414978,0.016793,38.00,5.488,23,0.00,0,100.0,4.1
2.355530,0.017362,39.00,6.778,22,0.00,0,100.0,4.1
2.503296,0.018130,38.00,6.778,21,0.00,0,100.0,4.1
2.554077,0.018923,38.00,5.468,20,0.00,0,100.0,4.1
2.633850,0.019874,38.00,6.758,19,0.00,0,100.0,4.1
2.703308,0.021057,38.00,6.778,18,0.00,0,100.0,4.1
2.751892,0.022174,39.00,5.468,17,0.00,0,100.0,4.1
2.831299,0.023340,39.00,5.468,16,0.00,0,100.0,4.1
3.028198,0.024961,39.00,6.758,15,0.00,0,100.0,4.1
3.196716,0.026533,39.00,6.758,14,0.00,0,100.0,4.1
3.382690,0.028708,39.00,5.468,13,0.00,0,100.0,4.1
3.653687,0.030843,39.00,6.758,12,0.00,0,100.0,4.1
4.065613,0.033583,39.00,6.778,11,0.00,0,100.0,4.1
4.392334,0.036937,39.00,5.468,10,0.00,0,100.0,4.1
4.501587,0.040890,40.00,5.468,9,0.00,0,100.0,4.1
5.105713,0.046303,40.00,5.468,8,0.00,0,100.0,4.1
5.652100,0.052498,40.00,6.758,7,0.00,0,100.0,4.1
6.499451,0.061200,40.00,6.758,6,0.00,0,100.0,4.1
7.528442,0.073382,39.00,6.758,5,0.00,0,100.0,4.1
9.009399,0.091553,40.00,5.468,4,0.00,0,100.0,4.1
11.907227,0.121982,40.00,6.758,3,0.00,0,100.0,4.1
17.251343,0.182611,39.00,6.758,2,0.00,0,100.0,4.1
34.392944,0.365380,39.00,5.468,1,0.00,0,100.0,4.1
2.008057,0.012506,39.00,6.758,32,0.00,0,100.0,4.1
2.017029,0.012894,38.00,5.468,31,0.00,0,100.0,4.1
2.427490,0.016573,39.00,6.778,30,0.00,0,100.0,4.1
2.148621,0.013521,39.00,5.468,29,0.00,0,100.0,4.1
2.080261,0.013951,39.00,5.468,28,0.00,0,100.0,4.1
2.229004,0.014397,38.00,6.778,27,0.00,0,100.0,4.1
2.408691,0.016776,38.00,6.778,26,0.00,0,100.0,4.1
2.292480,0.015507,38.00,5.468,25,0.00,0,100.0,4.1
2.306396,0.016018,39.00,6.778,24,0.00,0,100.0,4.1
2.248596,0.016669,39.00,6.778,23,0.00,0,100.0,4.1
2.387817,0.017347,38.00,5.468,22,0.00,0,100.0,4.1
2.653259,0.020636,39.00,6.778,21,0.00,0,100.0,4.1
2.449585,0.018958,39.00,5.468,20,0.00,0,100.0,4.1
2.611755,0.019892,39.00,6.778,19,0.00,0,100.0,4.1
2.985535,0.022807,39.00,5.468,18,0.00,0,100.0,4.1
2.749451,0.022161,39.00,5.468,17,0.00,0,100.0,4.1
2.851868,0.023355,39.00,6.778,16,0.00,0,100.0,4.1
3.015747,0.024829,39.00,6.758,15,0.00,0,100.0,4.1
3.321228,0.026547,39.00,5.468,14,0.00,0,100.0,4.1
3.486023,0.029594,39.00,5.468,13,0.00,0,100.0,4.1
3.685669,0.030916,39.00,5.468,12,0.00,0,100.0,4.1
4.006287,0.034315,39.00,5.468,11,0.00,0,100.0,4.1
4.245300,0.037523,40.00,6.778,10,0.00,0,100.0,4.1
4.605835,0.040938,39.00,5.468,9,0.00,0,100.0,4.1
5.142273,0.046201,40.00,5.468,8,0.00,0,100.0,4.1
5.623657,0.052708,40.00,6.758,7,0.00,0,100.0,4.1
6.379761,0.061186,40.00,5.468,6,0.00,0,100.0,4.1
7.463013,0.073227,40.00,6.758,5,0.00,0,100.0,4.1
9.120789,0.091465,40.00,6.758,4,0.00,0,100.0,4.1
11.838501,0.121883,39.00,5.468,3,0.00,0,100.0,4.1
17.347107,0.182674,39.00,6.758,2,0.00,0,100.0,4.1
34.346130,0.365092,39.00,5.468,1,0.00,0,100.0,4.1
2.268982,0.013697,39.00,6.758,32,0.00,0,100.0,4.1
2.046143,0.012894,38.00,6.778,31,0.00,0,100.0,4.1
2.069885,0.013223,39.00,5.468,30,0.00,0,100.0,4.1
2.139221,0.013537,39.00,5.468,29,0.00,0,100.0,4.1
2.155518,0.014067,39.00,6.778,28,0.00,0,100.0,4.1
2.172852,0.014456,38.00,6.778,27,0.00,0,100.0,4.1
2.164246,0.015020,39.00,5.468,26,0.00,0,100.0,4.1
2.542419,0.017605,39.00,5.468,25,0.00,0,100.0,4.1
2.577881,0.018706,39.00,5.468,24,0.00,0,100.0,4.1
2.380676,0.016710,39.00,6.778,23,0.00,0,100.0,4.1
2.668030,0.019114,39.00,6.758,22,0.00,0,100.0,4.1
2.479614,0.018079,39.00,6.758,21,0.00,0,100.0,4.1
2.808350,0.020722,39.00,6.758,20,0.00,0,100.0,4.1
2.543457,0.019914,39.00,5.468,19,0.00,0,100.0,4.1
2.648499,0.020924,39.00,5.468,18,0.00,0,100.0,4.1
2.740295,0.022057,39.00,6.922,17,0.00,0,100.0,4.1
3.080444,0.023340,39.00,6.758,16,0.00,0,100.0,4.1
3.040710,0.024980,39.00,6.778,15,0.00,0,100.0,4.1
3.367737,0.026541,40.00,6.758,14,0.00,0,100.0,4.1
3.501099,0.028538,40.00,5.468,13,0.00,0,100.0,4.1
3.695129,0.030829,40.00,6.758,12,0.00,0,100.0,4.1
3.875916,0.033592,40.00,5.468,11,0.00,0,100.0,4.1
4.331543,0.037451,40.00,6.758,10,0.00,0,100.0,4.1
4.692078,0.041406,40.00,6.758,9,0.00,0,100.0,4.1
4.945923,0.045973,40.00,5.447,8,0.00,0,100.0,4.1
5.594238,0.052517,40.00,5.468,7,0.00,0,100.0,4.1
6.339172,0.061191,40.00,6.758,6,0.00,0,100.0,4.1
7.444885,0.073206,40.00,5.447,5,0.00,0,100.0,4.1
9.041992,0.091419,40.00,6.758,4,0.00,0,100.0,4.1
11.794739,0.121940,40.00,5.447,3,0.00,0,100.0,4.1
17.341125,0.182677,40.00,6.758,2,0.00,0,100.0,4.1
34.204834,0.365020,40.00,5.468,1,0.00,0,100.0,4.1
2.056763,0.012595,40.00,5.447,32,0.00,0,100.0,4.1
2.076294,0.012864,39.00,5.468,31,0.00,0,100.0,4.1
2.174316,0.013835,39.00,6.758,30,0.00,0,100.0,4.1
2.180359,0.013574,39.00,5.468,29,0.00,0,100.0,4.1
2.145935,0.014049,39.00,6.758,28,0.00,0,100.0,4.1
2.355408,0.015761,39.00,5.468,27,0.00,0,100.0,4.1
2.203064,0.014925,39.00,6.758,26,0.00,0,100.0,4.1
2.197510,0.015559,39.00,6.758,25,0.00,0,100.0,4.1
2.359375,0.016126,39.00,5.468,24,0.00,0,100.0,4.1
2.324829,0.016620,39.00,6.758,23,0.00,0,100.0,4.1
2.369446,0.017330,39.00,6.758,22,0.00,0,100.0,4.1
2.453613,0.018210,39.00,6.758,21,0.00,0,100.0,4.1
2.531616,0.018901,40.00,6.758,20,0.00,0,100.0,4.1
2.547363,0.019932,40.00,5.468,19,0.00,0,100.0,4.1
2.929504,0.022775,40.00,5.468,18,0.00,0,100.0,4.1
2.959351,0.023759,39.00,5.468,17,0.00,0,100.0,4.1
2.835388,0.023329,40.00,6.758,16,0.00,0,100.0,4.1
2.957153,0.024826,40.00,6.758,15,0.00,0,100.0,4.1
3.502991,0.027928,40.00,5.468,14,0.00,0,100.0,4.1
3.706055,0.029032,40.00,6.758,13,0.00,0,100.0,4.1
3.758606,0.030861,40.00,6.758,12,0.00,0,100.0,4.1
3.794128,0.033646,40.00,5.447,11,0.00,0,100.0,4.1
4.253601,0.036943,40.00,5.447,10,0.00,0,100.0,4.1
4.584595,0.041190,40.00,6.758,9,0.00,0,100.0,4.1
4.902466,0.046006,40.00,5.447,8,0.00,0,100.0,4.1
5.746948,0.052526,41.00,5.447,7,0.00,0,100.0,4.1
6.447021,0.061372,40.00,5.447,6,0.00,0,100.0,4.1
7.489136,0.073211,41.00,6.758,5,0.00,0,100.0,4.1
8.930908,0.091352,41.00,5.447,4,0.00,0,100.0,4.1
11.953491,0.122033,40.00,5.447,3,0.00,0,100.0,4.1
17.377747,0.182674,41.00,6.758,2,0.00,0,100.0,4.1
34.478943,0.365091,40.00,6.758,1,0.00,0,100.0,4.1
2.327820,0.013717,40.00,5.468,32,0.00,0,100.0,4.1
2.318298,0.014452,39.00,6.758,31,0.00,0,100.0,4.1
2.151978,0.014325,39.00,6.778,30,0.00,0,100.0,4.1
2.219482,0.013519,39.00,5.468,29,0.00,0,100.0,4.1
2.179626,0.014067,39.00,6.758,28,0.00,0,100.0,4.1
2.078613,0.014523,39.00,5.468,27,0.00,0,100.0,4.1
2.134827,0.014978,39.00,5.468,26,0.00,0,100.0,4.1
2.491638,0.017104,39.00,5.468,25,0.00,0,100.0,4.1
2.241394,0.016011,39.00,5.468,24,0.00,0,100.0,4.1
2.487061,0.018187,40.00,6.758,23,0.00,0,100.0,4.1
2.457458,0.017367,39.00,5.468,22,0.00,0,100.0,4.1
2.451416,0.018161,39.00,5.468,21,0.00,0,100.0,4.1
2.576599,0.018893,40.00,5.447,20,0.00,0,100.0,4.1
2.555176,0.019905,40.00,6.758,19,0.00,0,100.0,4.1
2.903198,0.022680,40.00,5.468,18,0.00,0,100.0,4.1
2.718994,0.022182,40.00,5.447,17,0.00,0,100.0,4.1
2.870422,0.023340,40.00,6.758,16,0.00,0,100.0,4.1
2.992615,0.024836,40.00,6.758,15,0.00,0,100.0,4.1
3.279358,0.026684,40.00,5.447,14,0.00,0,100.0,4.1
3.685669,0.028535,40.00,6.758,13,0.00,0,100.0,4.1
3.789001,0.030849,41.00,6.758,12,0.00,0,100.0,4.1
4.127686,0.034258,41.00,6.758,11,0.00,0,100.0,4.1
4.124695,0.036855,40.00,5.447,10,0.00,0,100.0,4.1
4.619507,0.040985,40.00,6.758,9,0.00,0,100.0,4.1
5.037415,0.046038,41.00,6.758,8,0.00,0,100.0,4.1
5.558350,0.052530,40.00,6.758,7,0.00,0,100.0,4.1
6.437805,0.061078,41.00,6.758,6,0.00,0,100.0,4.1
7.472290,0.073211,41.00,6.758,5,0.00,0,100.0,4.1
8.989075,0.091446,41.00,5.447,4,0.00,0,100.0,4.1
11.926086,0.121741,41.00,6.758,3,0.00,0,100.0,4.1
17.319031,0.182677,40.00,6.758,2,0.00,0,100.0,4.1
34.388245,0.365144,41.00,5.447,1,0.00,0,100.0,4.1
2.307617,0.013689,41.00,6.758,32,0.00,0,100.0,4.1
2.036560,0.012941,39.00,6.758,31,0.00,0,100.0,4.1
2.341125,0.016171,39.00,6.758,30,0.00,0,100.0,4.1
2.059509,0.013630,40.00,6.758,29,0.00,0,100.0,4.1
2.052979,0.014135,39.00,5.468,28,0.00,0,100.0,4.1
2.511963,0.016750,40.00,5.447,27,0.00,0,100.0,4.1
2.256470,0.014867,40.00,5.447,26,0.00,0,100.0,4.1
2.610107,0.017373,40.00,6.758,25,0.00,0,100.0,4.1
2.602478,0.018510,39.00,5.468,24,0.00,0,100.0,4.1
2.268127,0.016637,39.00,6.758,23,0.00,0,100.0,4.1
2.575745,0.019509,39.00,6.758,22,0.00,0,100.0,4.1
2.654236,0.019732,39.00,6.758,21,0.00,0,100.0,4.1
2.439209,0.018922,39.00,6.758,20,0.00,0,100.0,4.1
2.684143,0.020206,39.00,6.758,19,0.00,0,100.0,4.1
2.910522,0.022394,39.00,5.468,18,0.00,0,100.0,4.1
2.937195,0.023309,39.00,5.468,17,0.00,0,100.0,4.1
3.023132,0.024527,40.00,6.758,16,0.00,0,100.0,4.1
3.250488,0.024869,41.00,5.447,15,0.00,0,100.0,4.1
3.475342,0.026922,41.00,6.758,14,0.00,0,100.0,4.1
3.647522,0.028615,40.00,6.758,13,0.00,0,100.0,4.1
3.516235,0.031360,41.00,5.447,12,0.00,0,100.0,4.1
3.899048,0.033871,41.00,5.447,11,0.00,0,100.0,4.1
4.162842,0.036826,40.00,5.447,10,0.00,0,100.0,4.1
4.580139,0.040916,41.00,6.737,9,0.00,0,100.0,4.1
4.841370,0.045915,41.00,5.447,8,0.00,0,100.0,4.1
5.574036,0.052530,41.00,5.447,7,0.00,0,100.0,4.1
6.394165,0.061199,41.00,6.758,6,0.00,0,100.0,4.1
7.381287,0.073241,41.00,6.758,5,0.00,0,100.0,4.1
9.037354,0.091518,42.00,6.758,4,0.00,0,100.0,4.1
11.849976,0.121941,41.00,6.758,3,0.00,0,100.0,4.1
17.317871,0.182608,41.00,6.758,2,0.00,0,100.0,4.1
34.489319,0.366119,41.00,5.447,1,0.00,0,100.0,4.1
2.165588,0.012430,41.00,6.758,32,0.00,0,100.0,4.1
2.062378,0.012801,40.00,6.758,31,0.00,0,100.0,4.1
2.440308,0.016046,40.00,6.758,30,0.00,0,100.0,4.1
2.159180,0.013499,40.00,5.468,29,0.00,0,100.0,4.1
2.068298,0.013921,39.00,6.922,28,0.00,0,100.0,4.1
2.199585,0.014644,40.00,6.758,27,0.00,0,100.0,4.1
2.281555,0.014881,40.00,6.758,26,0.00,0,100.0,4.1
2.272156,0.015480,40.00,6.758,25,0.00,0,100.0,4.1
2.268616,0.016008,40.00,5.468,24,0.00,0,100.0,4.1
2.724915,0.018727,40.00,6.758,23,0.00,0,100.0,4.1
2.371643,0.017398,40.00,6.758,22,0.00,0,100.0,4.1
2.711365,0.019980,40.00,6.758,21,0.00,0,100.0,4.1
2.722229,0.020607,40.00,5.447,20,0.00,0,100.0,4.1
2.531433,0.019814,40.00,5.447,19,0.00,0,100.0,4.1
2.661865,0.021008,40.00,6.758,18,0.00,0,100.0,4.1
2.744873,0.022010,40.00,6.758,17,0.00,0,100.0,4.1
3.182556,0.024335,41.00,5.447,16,0.00,0,100.0,4.1
2.987854,0.024912,40.00,5.447,15,0.00,0,100.0,4.1
3.482239,0.026616,41.00,6.758,14,0.00,0,100.0,4.1
3.422546,0.028483,41.00,6.758,13,0.00,0,100.0,4.1
3.654175,0.030920,41.00,6.737,12,0.00,0,100.0,4.1
3.818359,0.033669,41.00,5.447,11,0.00,0,100.0,4.1
4.057861,0.036849,41.00,5.447,10,0.00,0,100.0,4.1
4.657532,0.040989,41.00,5.447,9,0.00,0,100.0,4.1
5.124756,0.045942,41.00,5.447,8,0.00,0,100.0,4.1
5.586609,0.052545,42.00,5.447,7,0.00,0,100.0,4.1
6.445190,0.061229,42.00,5.447,6,0.00,0,100.0,4.1
7.504944,0.073202,42.00,6.737,5,0.00,0,100.0,4.1
9.043213,0.091479,41.00,6.758,4,0.00,0,100.0,4.1
12.037292,0.121753,42.00,6.737,3,0.00,0,100.0,4.1
17.431824,0.182614,42.00,5.447,2,0.00,0,100.0,4.1
34.437317,0.365304,42.00,5.447,1,0.00,0,100.0,4.1
2.107117,0.012396,41.00,6.737,32,0.00,0,100.0,4.1
2.086792,0.012902,40.00,6.758,31,0.00,0,100.0,4.1
2.106201,0.013109,40.00,5.447,30,0.00,0,100.0,4.1
2.278381,0.014747,40.00,6.758,29,0.00,0,100.0,4.1
2.173279,0.013913,40.00,6.758,28,0.00,0,100.0,4.1
2.153687,0.014419,40.00,6.758,27,0.00,0,100.0,4.1
2.534180,0.017480,40.00,6.758,26,0.00,0,100.0,4.1
2.317627,0.015428,41.00,5.447,25,0.00,0,100.0,4.1
2.283325,0.015962,41.00,6.758,24,0.00,0,100.0,4.1
2.581238,0.018324,40.00,6.758,23,0.00,0,100.0,4.1
2.557922,0.019257,40.00,6.758,22,0.00,0,100.0,4.1
2.480896,0.018181,40.00,5.447,21,0.00,0,100.0,4.1
2.725464,0.020448,40.00,6.758,20,0.00,0,100.0,4.1
2.785156,0.021319,40.00,5.447,19,0.00,0,100.0,4.1
2.852600,0.022150,40.00,6.758,18,0.00,0,100.0,4.1
2.768799,0.022026,41.00,6.758,17,0.00,0,100.0,4.1
2.829102,0.023300,41.00,6.758,16,0.00,0,100.0,4.1
3.241943,0.025168,41.00,6.758,15,0.00,0,100.0,4.1
3.265869,0.026568,41.00,6.737,14,0.00,0,100.0,4.1
3.530701,0.028528,41.00,6.737,13,0.00,0,100.0,4.1
3.842896,0.030964,41.00,5.447,12,0.00,0,100.0,4.1
3.948975,0.033738,41.00,5.447,11,0.00,0,100.0,4.1
4.254761,0.036890,41.00,5.447,10,0.00,0,100.0,4.1
4.689148,0.040917,41.00,5.447,9,0.00,0,100.0,4.1
4.929016,0.046078,41.00,5.447,8,0.00,0,100.0,4.1
5.536438,0.052426,42.00,6.737,7,0.00,0,100.0,4.1
6.407227,0.061070,41.00,6.737,6,0.00,0,100.0,4.1
7.445190,0.073431,42.00,6.737,5,0.00,0,100.0,4.1
9.005859,0.091460,41.00,6.737,4,0.00,0,100.0,4.1
11.848145,0.121949,42.00,5.447,3,0.00,0,100.0,4.1
17.341431,0.182659,41.00,6.758,2,0.00,0,100.0,4.1
35.180725,0.365301,42.00,6.737,1,0.00,0,100.0,4.1
1.959290,0.012466,42.00,5.447,32,0.00,0,100.0,4.1
2.031067,0.012741,40.00,6.758,31,0.00,0,100.0,4.1
2.132690,0.013121,40.00,5.447,30,0.00,0,100.0,4.1
2.101868,0.013522,40.00,6.758,29,0.00,0,100.0,4.1
2.052734,0.013976,40.00,5.447,28,0.00,0,100.0,4.1
2.175537,0.014308,40.00,6.758,27,0.00,0,100.0,4.1
2.178772,0.014796,40.00,6.758,26,0.00,0,100.0,4.1
2.229675,0.015395,40.00,6.758,25,0.00,0,100.0,4.1
2.262451,0.016068,40.00,5.447,24,0.00,0,100.0,4.1
2.273560,0.016518,40.00,5.447,23,0.00,0,100.0,4.1
2.337585,0.017340,40.00,5.447,22,0.00,0,100.0,4.1
2.424133,0.017994,40.00,5.447,21,0.00,0,100.0,4.1
2.576538,0.018807,40.00,5.447,20,0.00,0,100.0,4.1
2.566101,0.019926,40.00,5.447,19,0.00,0,100.0,4.1
2.685425,0.020812,40.00,6.758,18,0.00,0,100.0,4.1
2.743530,0.022015,41.00,5.447,17,0.00,0,100.0,4.1
3.073242,0.023325,41.00,6.758,16,0.00,0,100.0,4.1
3.206909,0.024785,41.00,6.758,15,0.00,0,100.0,4.1
3.442505,0.026675,41.00,6.758,14,0.00,0,100.0,4.1
3.443604,0.028540,41.00,6.758,13,0.00,0,100.0,4.1
3.699341,0.030876,41.00,6.758,12,0.00,0,100.0,4.1
3.953125,0.033647,41.00,6.758,11,0.00,0,100.0,4.1
4.246582,0.036831,41.00,6.758,10,0.00,0,100.0,4.1
4.711914,0.040918,41.00,6.758,9,0.00,0,100.0,4.1
4.980591,0.045918,42.00,6.737,8,0.00,0,100.0,4.1
5.571350,0.052378,42.00,5.447,7,0.00,0,100.0,4.1
6.399597,0.061159,42.00,6.737,6,0.00,0,100.0,4.1
7.459106,0.073226,41.00,5.447,5,0.00,0,100.0,4.1
8.998230,0.091374,42.00,5.447,4,0.00,0,100.0,4.1
11.881775,0.121900,42.00,6.737,3,0.00,0,100.0,4.1
17.368591,0.182602,42.00,6.737,2,0.00,0,100.0,4.1
34.492981,0.365092,42.00,6.737,1,0.00,0,100.0,4.1
2.142639,0.012311,41.00,6.737,32,0.00,0,100.0,4.1
2.204895,0.014410,42.00,5.447,31,0.00,0,100.0,4.1
2.075684,0.013186,41.00,5.447,30,0.00,0,100.0,4.1
2.039185,0.013578,41.00,5.447,29,0.00,0,100.0,4.1
2.177063,0.015427,41.00,5.447,28,0.00,0,100.0,4.1
2.469055,0.016807,42.00,5.447,27,0.00,0,100.0,4.1
2.212769,0.015128,42.00,6.737,26,0.00,0,100.0,4.1
2.595642,0.018469,42.00,6.737,25,0.00,0,100.0,4.1
2.590637,0.019203,41.00,5.447,24,0.00,0,100.0,4.1
2.338318,0.016707,41.00,5.447,23,0.00,0,100.0,4.1
2.390503,0.017359,41.00,5.447,22,0.00,0,100.0,4.1
2.540222,0.018114,42.00,6.737,21,0.00,0,100.0,4.1
2.488403,0.019045,42.00,5.447,20,0.00,0,100.0,4.1
2.551453,0.020013,42.00,6.737,19,0.00,0,100.0,4.1
2.780090,0.022451,42.00,6.737,18,0.00,0,100.0,4.1
2.747986,0.022070,42.00,5.447,17,0.00,0,100.0,4.1
2.851379,0.023380,42.00,6.737,16,0.00,0,100.0,4.1
3.300659,0.025477,42.00,6.737,15,0.00,0,100.0,4.1
3.581116,0.028777,42.00,5.447,14,0.00,0,100.0,4.1
3.629761,0.028634,42.00,5.447,13,0.00,0,100.0,4.1
3.768860,0.030926,42.00,5.447,12,0.00,0,100.0,4.1
3.994507,0.033857,43.00,6.737,11,0.00,0,100.0,4.1
4.300293,0.038150,42.00,6.737,10,0.00,0,100.0,4.1
4.603333,0.042068,41.00,6.737,9,0.00,0,100.0,4.1
5.044922,0.047062,42.00,5.447,8,0.00,0,100.0,4.1
5.721252,0.053354,42.00,6.901,7,0.00,0,100.0,4.1
6.438477,0.061064,42.00,5.447,6,0.00,0,100.0,4.1
7.509033,0.073274,42.00,6.737,5,0.00,0,100.0,4.1
9.003479,0.091422,42.00,5.447,4,0.00,0,100.0,4.1
12.037415,0.121903,42.00,6.737,3,0.00,0,100.0,4.1
17.359009,0.182636,42.00,6.737,2,0.00,0,100.0,4.1
34.461243,0.364944,42.00,6.737,1,0.00,0,100.0,4.1
1.997498,0.012461,41.00,6.737,32,0.00,0,100.0,4.1
2.455139,0.016206,42.00,6.737,31,0.00,0,100.0,4.1
2.022888,0.013309,42.00,6.737,30,0.00,0,100.0,4.1
2.083618,0.013790,41.00,6.758,29,0.00,0,100.0,4.1
2.397339,0.016212,42.00,5.447,28,0.00,0,100.0,4.1
2.226624,0.014423,41.00,6.758,27,0.00,0,100.0,4.1
2.248779,0.014938,42.00,6.737,26,0.00,0,100.0,4.1
2.296692,0.015583,40.00,6.758,25,0.00,0,100.0,4.1
2.286926,0.016186,41.00,6.758,24,0.00,0,100.0,4.1
2.321594,0.016812,41.00,6.758,23,0.00,0,100.0,4.1
2.349060,0.017332,41.00,5.447,22,0.00,0,100.0,4.1
2.575012,0.018510,41.00,6.758,21,0.00,0,100.0,4.1
2.436462,0.018918,40.00,6.758,20,0.00,0,100.0,4.1
2.566223,0.019861,40.00,6.758,19,0.00,0,100.0,4.1
2.649719,0.020919,40.00,5.447,18,0.00,0,100.0,4.1
2.758667,0.022160,41.00,6.737,17,0.00,0,100.0,4.1
2.826843,0.023629,41.00,6.758,16,0.00,0,100.0,4.1
2.965027,0.025023,41.00,6.737,15,0.00,0,100.0,4.1
3.550842,0.028547,41.00,5.447,14,0.00,0,100.0,4.1
3.507812,0.028899,42.00,5.447,13,0.00,0,100.0,4.1
3.514648,0.030979,41.00,5.447,12,0.00,0,100.0,4.1
4.154419,0.035095,42.00,6.737,11,0.00,0,100.0,4.1
4.257263,0.036977,41.00,6.737,10,0.00,0,100.0,4.1
4.666443,0.041023,41.00,5.447,9,0.00,0,100.0,4.1
5.239868,0.046985,42.00,6.737,8,0.00,0,100.0,4.1
5.569397,0.052558,42.00,5.447,7,0.00,0,100.0,4.1
6.410034,0.061086,42.00,5.447,6,0.00,0,100.0,4.1
7.613892,0.073620,42.00,5.447,5,0.00,0,100.0,4.1
9.068359,0.091455,42.00,5.447,4,0.00,0,100.0,4.1
11.855957,0.121917,41.00,5.447,3,0.00,0,100.0,4.1
17.410645,0.182619,42.00,6.737,2,0.00,0,100.0,4.1
34.546021,0.365299,41.00,5.447,1,0.00,0,100.0,4.1
2.069519,0.012636,42.00,5.447,32,0.00,0,100.0,4.1
2.102600,0.012988,40.00,6.758,31,0.00,0,100.0,4.1
2.222534,0.013129,40.00,6.758,30,0.00,0,100.0,4.1
2.378174,0.016019,40.00,5.447,29,0.00,0,100.0,4.1
2.323181,0.016207,40.00,5.447,28,0.00,0,100.0,4.1
2.541565,0.017066,40.00,5.468,27,0.00,0,100.0,4.1
2.133911,0.015001,40.00,6.758,26,0.00,0,100.0,4.1
2.291687,0.016143,41.00,5.447,25,0.00,0,100.0,4.1
2.329041,0.016093,40.00,5.447,24,0.00,0,100.0,4.1
2.411255,0.016813,40.00,6.758,23,0.00,0,100.0,4.1
2.557129,0.018790,40.00,6.758,22,0.00,0,100.0,4.1
2.404846,0.018085,40.00,6.758,21,0.00,0,100.0,4.1
2.767395,0.020691,41.00,6.758,20,0.00,0,100.0,4.1
2.624146,0.019994,40.00,6.758,19,0.00,0,100.0,4.1
2.644226,0.021141,41.00,6.758,18,0.00,0,100.0,4.1
2.732178,0.022916,40.00,5.447,17,0.00,0,100.0,4.1
3.116943,0.023958,41.00,5.447,16,0.00,0,100.0,4.1
3.251953,0.024919,41.00,6.737,15,0.00,0,100.0,4.1
3.647583,0.028374,41.00,6.737,14,0.00,0,100.0,4.1
3.626953,0.028562,41.00,6.737,13,0.00,0,100.0,4.1
3.995667,0.032254,42.00,6.758,12,0.00,0,100.0,4.1
4.226990,0.034820,42.00,5.447,11,0.00,0,100.0,4.1
4.290466,0.036988,42.00,6.737,10,0.00,0,100.0,4.1
4.417786,0.040923,42.00,5.447,9,0.00,0,100.0,4.1
5.143799,0.046069,42.00,6.737,8,0.00,0,100.0,4.1
5.664246,0.052551,42.00,6.737,7,0.00,0,100.0,4.1
6.471741,0.061200,42.00,6.737,6,0.00,0,100.0,4.1
7.480713,0.073194,42.00,6.737,5,0.00,0,100.0,4.1
9.167786,0.091499,42.00,5.447,4,0.00,0,100.0,4.1
11.909485,0.121927,42.00,6.737,3,0.00,0,100.0,4.1
17.375061,0.182626,42.00,6.737,2,0.00,0,100.0,4.1
34.522400,0.365099,42.00,6.737,1,0.00,0,100.0,4.1
2.061157,0.012278,42.00,6.737,32,0.00,0,100.0,4.1
2.089966,0.012959,42.00,5.447,31,0.00,0,100.0,4.1
2.020325,0.013222,42.00,6.737,30,0.00,0,100.0,4.1
2.108459,0.013672,42.00,6.758,29,0.00,0,100.0,4.1
2.278992,0.014017,42.00,6.758,28,0.00,0,100.0,4.1
2.159058,0.014440,42.00,6.737,27,0.00,0,100.0,4.1
2.534790,0.017652,42.00,5.447,26,0.00,0,100.0,4.1
2.568909,0.018128,42.00,5.447,25,0.00,0,100.0,4.1
2.703369,0.019102,42.00,5.447,24,0.00,0,100.0,4.1
2.322083,0.016805,41.00,6.737,23,0.00,0,100.0,4.1
2.369873,0.017336,41.00,6.737,22,0.00,0,100.0,4.1
2.460938,0.019836,41.00,6.758,21,0.00,0,100.0,4.1
2.911133,0.021381,41.00,6.737,20,0.00,0,100.0,4.1
2.961182,0.022349,41.00,6.737,19,0.00,0,100.0,4.1
2.673401,0.021095,41.00,5.447,18,0.00,0,100.0,4.1
2.937134,0.024529,42.00,6.737,17,0.00,0,100.0,4.1
3.058350,0.023399,42.00,5.447,16,0.00,0,100.0,4.1
2.995850,0.024942,42.00,6.737,15,0.00,0,100.0,4.1
3.365784,0.026565,42.00,5.447,14,0.00,0,100.0,4.1
3.538940,0.029887,43.00,5.427,13,0.00,0,100.0,4.1
3.635559,0.030869,42.00,5.427,12,0.00,0,100.0,4.1
3.885803,0.033741,42.00,6.737,11,0.00,0,100.0,4.1
4.405518,0.038000,42.00,6.737,10,0.00,0,100.0,4.1
4.683105,0.041927,42.00,6.737,9,0.00,0,100.0,4.1
5.060547,0.046948,43.00,5.427,8,0.00,0,100.0,4.1
5.520081,0.052463,43.00,5.447,7,0.00,0,100.0,4.1
6.427917,0.061061,43.00,5.447,6,0.00,0,100.0,4.1
7.464844,0.073600,42.00,5.447,5,0.00,0,100.0,4.1
9.199951,0.092647,43.00,5.427,4,0.00,0,100.0,4.1
11.886169,0.121924,42.00,5.447,3,0.00,0,100.0,4.1
17.249756,0.182700,42.00,6.737,2,0.00,0,100.0,4.1
34.532227,0.365004,43.00,6.737,1,0.00,0,100.0,4.1
2.077576,0.012482,42.00,6.737,32,0.00,0,100.0,4.1
2.026123,0.012932,41.00,6.758,31,0.00,0,100.0,4.1
2.192688,0.014004,41.00,5.447,30,0.00,0,100.0,4.1
2.386414,0.016176,41.00,6.737,29,0.00,0,100.0,4.1
2.092102,0.013954,41.00,5.447,28,0.00,0,100.0,4.1
2.175232,0.014435,41.00,6.737,27,0.00,0,100.0,4.1
2.172119,0.014952,41.00,6.737,26,0.00,0,100.0,4.1
2.575562,0.017752,41.00,5.447,25,0.00,0,100.0,4.1
2.595825,0.019089,41.00,6.758,24,0.00,0,100.0,4.1
2.702881,0.019613,41.00,5.447,23,0.00,0,100.0,4.1
2.361084,0.017460,41.00,6.737,22,0.00,0,100.0,4.1
2.486389,0.018089,41.00,5.447,21,0.00,0,100.0,4.1
2.433228,0.019106,41.00,6.737,20,0.00,0,100.0,4.1
2.636475,0.019865,42.00,5.427,19,0.00,0,100.0,4.1
2.664673,0.021030,42.00,6.901,18,0.00,0,100.0,4.1
3.046143,0.024499,42.00,5.447,17,0.00,0,100.0,4.1
3.127380,0.025472,41.00,5.447,16,0.00,0,100.0,4.1
3.241028,0.024857,42.00,5.447,15,0.00,0,100.0,4.1
3.457947,0.026692,42.00,6.737,14,0.00,0,100.0,4.1
3.558777,0.028714,42.00,6.737,13,0.00,0,100.0,4.1
3.717041,0.030980,43.00,5.427,12,0.00,0,100.0,4.1
4.029297,0.034511,43.00,5.427,11,0.00,0,100.0,4.1
4.455994,0.038137,43.00,6.737,10,0.00,0,100.0,4.1
4.637817,0.041033,43.00,5.427,9,0.00,0,100.0,4.1
5.102539,0.046909,43.00,6.737,8,0.00,0,100.0,4.1
5.616272,0.053170,42.00,6.737,7,0.00,0,100.0,4.1
6.364136,0.061048,43.00,6.737,6,0.00,0,100.0,4.1
7.722900,0.073622,43.00,6.737,5,0.00,0,100.0,4.1
9.064819,0.091423,43.00,6.737,4,0.00,0,100.0,4.1
11.875488,0.121825,43.00,5.427,3,0.00,0,100.0,4.1
17.383667,0.182683,43.00,6.737,2,0.00,0,100.0,4.1
34.455627,0.364926,42.00,6.737,1,0.00,0,100.0,4.1
2.075195,0.012546,42.00,6.737,32,0.00,0,100.0,4.1
2.198853,0.013418,42.00,6.737,31,0.00,0,100.0,4.1
2.401489,0.015514,41.00,6.737,30,0.00,0,100.0,4.1
2.316223,0.014946,41.00,5.447,29,0.00,0,100.0,4.1
2.482849,0.016541,41.00,6.737,28,0.00,0,100.0,4.1
2.169128,0.014406,41.00,6.737,27,0.00,0,100.0,4.1
2.492676,0.017351,41.00,6.758,26,0.00,0,100.0,4.1
2.285583,0.015461,41.00,6.758,25,0.00,0,100.0,4.1
2.459473,0.017546,41.00,6.737,24,0.00,0,100.0,4.1
2.718750,0.019442,41.00,6.758,23,0.00,0,100.0,4.1
2.694763,0.020110,41.00,6.737,22,0.00,0,100.0,4.1
2.808350,0.020807,41.00,6.737,21,0.00,0,100.0,4.1
2.497009,0.018912,41.00,6.737,20,0.00,0,100.0,4.1
2.803162,0.021881,41.00,6.737,19,0.00,0,100.0,4.1
2.971252,0.023332,42.00,6.737,18,0.00,0,100.0,4.1
2.715393,0.022057,41.00,5.447,17,0.00,0,100.0,4.1
3.146667,0.025622,42.00,6.737,16,0.00,0,100.0,4.1
3.213928,0.024938,42.00,6.737,15,0.00,0,100.0,4.1
3.584351,0.027622,42.00,5.447,14,0.00,0,100.0,4.1
3.744446,0.030247,42.00,6.737,13,0.00,0,100.0,4.1
4.070190,0.032376,43.00,6.737,12,0.00,0,100.0,4.1
3.881775,0.033681,43.00,6.737,11,0.00,0,100.0,4.1
4.301025,0.036875,43.00,6.737,10,0.00,0,100.0,4.1
4.811401,0.042176,43.00,5.447,9,0.00,0,100.0,4.1
5.006592,0.045982,43.00,6.737,8,0.00,0,100.0,4.1
5.658569,0.052979,42.00,6.737,7,0.00,0,100.0,4.1
6.526123,0.061098,43.00,6.737,6,0.00,0,100.0,4.1
7.424011,0.073233,43.00,6.737,5,0.00,0,100.0,4.1
9.171204,0.091555,43.00,6.737,4,0.00,0,100.0,4.1
11.956299,0.121813,43.00,6.737,3,0.00,0,100.0,4.1
17.360596,0.182637,43.00,6.737,2,0.00,0,100.0,4.1
34.544739,0.365561,43.00,5.427,1,0.00,0,100.0,4.1
2.103210,0.012617,43.00,6.737,32,0.00,0,100.0,4.1
2.080383,0.012952,41.00,6.737,31,0.00,0,100.0,4.1
2.112183,0.013156,42.00,6.737,30,0.00,0,100.0,4.1
2.134094,0.013581,42.00,5.447,29,0.00,0,100.0,4.1
2.182922,0.014069,42.00,6.737,28,0.00,0,100.0,4.1
2.382202,0.016397,42.00,6.737,27,0.00,0,100.0,4.1
2.241089,0.014885,42.00,6.737,26,0.00,0,100.0,4.1
2.287231,0.015431,41.00,5.447,25,0.00,0,100.0,4.1
2.285645,0.016136,41.00,6.901,24,0.00,0,100.0,4.1
2.519348,0.017654,41.00,6.737,23,0.00,0,100.0,4.1
2.378113,0.017324,41.00,6.737,22,0.00,0,100.0,4.1
2.485107,0.018067,42.00,6.737,21,0.00,0,100.0,4.1
2.476868,0.018950,42.00,6.737,20,0.00,0,100.0,4.1
2.907776,0.022329,42.00,6.737,19,0.00,0,100.0,4.1
3.068665,0.023875,41.00,6.737,18,0.00,0,100.0,4.1
3.063538,0.024257,41.00,6.737,17,0.00,0,100.0,4.1
3.374207,0.024957,41.00,6.737,16,0.00,0,100.0,4.1
3.045837,0.025511,42.00,6.737,15,0.00,0,100.0,4.1
3.392273,0.026955,42.00,6.737,14,0.00,0,100.0,4.1
3.726807,0.030067,42.00,6.737,13,0.00,0,100.0,4.1
3.740906,0.030828,42.00,6.737,12,0.00,0,100.0,4.1
3.909180,0.033696,42.00,6.737,11,0.00,0,100.0,4.1
4.186340,0.036858,42.00,5.447,10,0.00,0,100.0,4.1
4.633545,0.041879,43.00,6.737,9,0.00,0,100.0,4.1
4.918152,0.045972,43.00,5.427,8,0.00,0,100.0,4.1
5.605408,0.053021,43.00,6.737,7,0.00,0,100.0,4.1
6.451294,0.061562,43.00,6.737,6,0.00,0,100.0,4.1
7.530151,0.073542,43.00,6.737,5,0.00,0,100.0,4.1
9.049988,0.091532,43.00,6.737,4,0.00,0,100.0,4.1
12.943604,0.122373,43.00,6.737,3,0.00,0,100.0,4.1
17.608887,0.182661,43.00,6.737,2,0.00,0,100.0,4.1
34.451172,0.365054,43.00,6.737,1,0.00,0,100.0,4.1
2.297302,0.013820,42.00,5.427,32,0.00,0,100.0,4.1
2.169434,0.012835,42.00,6.737,31,0.00,0,100.0,4.1
2.195251,0.014167,42.00,6.737,30,0.00,0,100.0,4.1
2.013184,0.013551,42.00,6.737,29,0.00,0,100.0,4.1
2.177368,0.015156,41.00,6.737,28,0.00,0,100.0,4.1
2.146790,0.014378,42.00,6.737,27,0.00,0,100.0,4.1
2.464539,0.016574,42.00,6.737,26,0.00,0,100.0,4.1
2.239624,0.015554,42.00,6.737,25,0.00,0,100.0,4.1
2.263245,0.015995,42.00,6.737,24,0.00,0,100.0,4.1
2.323914,0.016656,42.00,6.737,23,0.00,0,100.0,4.1
2.542908,0.018741,42.00,6.737,22,0.00,0,100.0,4.1
2.507874,0.018075,42.00,6.737,21,0.00,0,100.0,4.1
2.601013,0.018928,42.00,6.737,20,0.00,0,100.0,4.1
2.768433,0.021121,42.00,6.737,19,0.00,0,100.0,4.1
2.954956,0.023300,42.00,6.737,18,0.00,0,100.0,4.1
3.055420,0.024417,42.00,6.737,17,0.00,0,100.0,4.1
2.940674,0.023394,43.00,6.737,16,0.00,0,100.0,4.1
3.489319,0.026808,42.00,6.737,15,0.00,0,100.0,4.1
3.399536,0.026700,42.00,6.737,14,0.00,0,100.0,4.1
3.445679,0.028689,43.00,6.737,13,0.00,0,100.0,4.1
3.999390,0.031861,42.00,6.737,12,0.00,0,100.0,4.1
3.917847,0.033691,42.00,6.737,11,0.00,0,100.0,4.1
4.209351,0.037938,43.00,6.737,10,0.00,0,100.0,4.1
4.584290,0.040895,43.00,6.737,9,0.00,0,100.0,4.1
5.072388,0.046809,43.00,6.737,8,0.00,0,100.0,4.1
5.706604,0.052582,43.00,6.737,7,0.00,0,100.0,4.1
6.420166,0.061135,43.00,5.427,6,0.00,0,100.0,4.1
7.456543,0.073308,43.00,6.737,5,0.00,0,100.0,4.1
9.161987,0.091471,43.00,6.737,4,0.00,0,100.0,4.1
11.906067,0.121862,43.00,6.737,3,0.00,0,100.0,4.1
17.290833,0.182605,43.00,6.737,2,0.00,0,100.0,4.1
34.432617,0.365031,43.00,6.737,1,0.00,0,100.0,4.1
2.067017,0.012549,43.00,6.737,32,0.00,0,100.0,4.1
2.329529,0.014723,42.00,6.737,31,0.00,0,100.0,4.1
2.158081,0.013204,42.00,6.901,30,0.00,0,100.0,4.1
2.160828,0.013518,42.00,6.737,29,0.00,0,100.0,4.1
2.128540,0.014119,42.00,6.737,28,0.00,0,100.0,4.1
2.577209,0.017276,42.00,6.737,27,0.00,0,100.0,4.1
2.197388,0.015049,42.00,6.737,26,0.00,0,100.0,4.1
2.650269,0.018520,42.00,6.737,25,0.00,0,100.0,4.1
2.376404,0.016957,42.00,6.737,24,0.00,0,100.0,4.1
2.322876,0.016579,42.00,6.737,23,0.00,0,100.0,4.1
2.799255,0.020579,42.00,6.737,22,0.00,0,100.0,4.1
2.521423,0.018238,42.00,6.737,21,0.00,0,100.0,4.1
2.800171,0.020812,42.00,6.737,20,0.00,0,100.0,4.1
2.904663,0.022481,42.00,6.737,19,0.00,0,100.0,4.1
2.671814,0.020894,41.00,6.737,18,0.00,0,100.0,4.1
2.814087,0.022088,42.00,6.737,17,0.00,0,100.0,4.1
3.363708,0.025131,42.00,6.737,16,0.00,0,100.0,4.1
3.143188,0.024853,42.00,6.737,15,0.00,0,100.0,4.1
3.438904,0.026753,42.00,6.737,14,0.00,0,100.0,4.1
3.610657,0.028610,43.00,6.737,13,0.00,0,100.0,4.1
3.727722,0.030970,42.00,6.737,12,0.00,0,100.0,4.1
3.896545,0.033578,43.00,6.737,11,0.00,0,100.0,4.1
4.301941,0.036980,43.00,6.737,10,0.00,0,100.0,4.1
4.518005,0.040872,43.00,6.737,9,0.00,0,100.0,4.1
4.986084,0.045988,43.00,6.737,8,0.00,0,100.0,4.1
5.599976,0.053011,43.00,6.737,7,0.00,0,100.0,4.1
6.479858,0.061131,43.00,6.737,6,0.00,0,100.0,4.1
7.555420,0.073243,43.00,6.737,5,0.00,0,100.0,4.1
9.231262,0.091451,43.00,6.737,4,0.00,0,100.0,4.1
11.965637,0.121893,43.00,6.737,3,0.00,0,100.0,4.1
17.347290,0.182638,43.00,6.737,2,0.00,0,100.0,4.1
34.368408,0.365025,43.00,6.737,1,0.00,0,100.0,4.1
2.516052,0.015685,43.00,6.737,32,0.00,0,100.0,4.1
2.392151,0.015151,41.00,6.737,31,0.00,0,100.0,4.1
2.183289,0.012987,41.00,6.737,30,0.00,0,100.0,4.1
2.219910,0.014842,42.00,6.737,29,0.00,0,100.0,4.1
2.185669,0.014027,42.00,6.737,28,0.00,0,100.0,4.1
2.287109,0.016319,41.00,6.737,27,0.00,0,100.0,4.1
2.235596,0.014997,42.00,6.737,26,0.00,0,100.0,4.1
2.362183,0.016786,42.00,5.447,25,0.00,0,100.0,4.1
2.273987,0.016055,42.00,6.737,24,0.00,0,100.0,4.1
2.743469,0.019381,42.00,6.737,23,0.00,0,100.0,4.1
2.792542,0.020085,42.00,6.737,22,0.00,0,100.0,4.1
2.552185,0.018117,42.00,5.427,21,0.00,0,100.0,4.1
2.542053,0.018996,42.00,5.447,20,0.00,0,100.0,4.1
2.708984,0.020023,42.00,6.737,19,0.00,0,100.0,4.1
2.722351,0.020992,42.00,6.737,18,0.00,0,100.0,4.1
2.795044,0.022213,42.00,6.737,17,0.00,0,100.0,4.1
3.185730,0.023449,43.00,5.427,16,0.00,0,100.0,4.1
3.254761,0.025156,43.00,6.737,15,0.00,0,100.0,4.1
3.344971,0.026688,43.00,6.737,14,0.00,0,100.0,4.1
3.696533,0.029652,43.00,6.737,13,0.00,0,100.0,4.1
3.851013,0.031860,43.00,6.737,12,0.00,0,100.0,4.1
3.854553,0.033568,43.00,5.427,11,0.00,0,100.0,4.1
4.351807,0.036889,43.00,6.737,10,0.00,0,100.0,4.1
4.546021,0.041006,43.00,6.737,9,0.00,0,100.0,4.1
5.090942,0.046003,43.00,6.737,8,0.00,0,100.0,4.1
5.544006,0.052530,43.00,5.427,7,0.00,0,100.0,4.1
6.424438,0.061164,43.00,6.737,6,0.00,0,100.0,4.1
7.405273,0.073298,43.00,5.427,5,0.00,0,100.0,4.1
9.174866,0.091534,44.00,5.427,4,0.00,0,100.0,4.1
11.926941,0.122000,43.00,5.427,3,0.00,0,100.0,4.1
17.427002,0.182669,43.00,6.737,2,0.00,0,100.0,4.1
34.415649,0.365203,43.00,5.427,1,0.00,0,100.0,4.1
2.373474,0.014102,43.00,6.737,32,0.00,0,100.0,4.1
2.078125,0.012845,42.00,6.737,31,0.00,0,100.0,4.1
2.532837,0.016391,42.00,6.737,30,0.00,0,100.0,4.1
2.521851,0.016091,42.00,6.737,29,0.00,0,100.0,4.1
2.184631,0.013938,41.00,6.737,28,0.00,0,100.0,4.1
2.441162,0.016317,42.00,6.737,27,0.00,0,100.0,4.1
2.153259,0.014980,42.00,5.427,26,0.00,0,100.0,4.1
2.517456,0.017534,42.00,6.737,25,0.00,0,100.0,4.1
2.275635,0.016107,42.00,6.737,24,0.00,0,100.0,4.1
2.588562,0.018385,42.00,6.737,23,0.00,0,100.0,4.1
2.462524,0.017363,42.00,5.427,22,0.00,0,100.0,4.1
2.500793,0.018092,42.00,5.447,21,0.00,0,100.0,4.1
2.575989,0.019152,42.00,5.427,20,0.00,0,100.0,4.1
2.572205,0.019869,43.00,6.737,19,0.00,0,100.0,4.1
2.690613,0.021019,42.00,6.737,18,0.00,0,100.0,4.1
2.729309,0.022065,43.00,6.737,17,0.00,0,100.0,4.1
2.850647,0.023394,43.00,6.737,16,0.00,0,100.0,4.1
3.227844,0.024837,43.00,6.737,15,0.00,0,100.0,4.1
3.535889,0.026711,43.00,6.737,14,0.00,0,100.0,4.1
3.441528,0.028769,43.00,6.737,13,0.00,0,100.0,4.1
3.626038,0.030831,43.00,5.427,12,0.00,0,100.0,4.1
3.874512,0.034069,43.00,5.427,11,0.00,0,100.0,4.1
4.252502,0.037555,43.00,5.427,10,0.00,0,100.0,4.1
4.606567,0.041407,43.00,6.737,9,0.00,0,100.0,4.1
5.149109,0.045960,43.00,6.737,8,0.00,0,100.0,4.1
5.524353,0.052484,43.00,6.737,7,0.00,0,100.0,4.1
6.521729,0.061205,43.00,6.737,6,0.00,0,100.0,4.1
7.451416,0.073209,43.00,6.717,5,0.00,0,100.0,4.1
9.142151,0.091435,44.00,6.717,4,0.00,0,100.0,4.1
11.884277,0.121742,43.00,6.737,3,0.00,0,100.0,4.1
17.270569,0.182597,43.00,6.737,2,0.00,0,100.0,4.1
34.457458,0.365039,43.00,6.737,1,0.00,0,100.0,4.1
